artist,title,year,youtube_link,spotify_link,base_year
10cc,Dreadlock Holiday,1978,#MV,#MV,1980
10cc,I'm Not In Love,1975,#MV,#MV,1977
10cc,The Wall Street Shuffle,1974,#MV,#MV,1975
4 Non Blondes,What's Up,1992,#MV,#MV,1997
A-Ha,Take On Me,1985,#MV,#MV,1994
ABBA,Dancing Queen,1976,#MV,#MV,1977
ABBA,Fernando,1976,#MV,#MV,1979
ABBA,S.O.S.,1975,#MV,#MV,1977
ABBA,The Winner Takes It All,1980,#MV,#MV,1981
AC/DC,Highway To Hell,1979,#MV,#MV,1981
AC/DC,Thunderstruck,1990,#MV,#MV,2015
AC/DC,Whole Lotta Rosie,1977,#MV,#MV,1979
Acda & De Munnik,Niet Of Nooit Geweest,1998,#MV,#MV,2000
Adele,Hello,2015,#MV,#MV,2016
Adele,Rolling In The Deep,2010,#MV,#MV,2015
Adele,Someone Like You,2011,#MV,#MV,2016
Aerosmith,Crazy,1992,#MV,#MV,2015
Aerosmith,Dream On,1973,#MV,#MV,1997
Aerosmith,I Don't Want To Miss A Thing (Album Version),1998,#MV,#MV,2000
Air & Beth Hirsch,All I Need,1997,#MV,#MV,2003
Al Stewart,Year Of The Cat,1976,#MV,#MV,1977
Alan Parsons Project,Old And Wise,1982,#MV,#MV,1987
Alan Parsons Project,The Turn Of A Friendly Card,1980,#MV,#MV,1983
Alan Price Set,I Put A Spell On You,1966,#MV,#MV,1970
Alanis Morissette,Ironic,1995,#MV,#MV,1998
Alanis Morissette,You Oughta Know,1995,#MV,#MV,1999
Alannah Myles,Black Velvet,1989,#MV,#MV,1999
Alice Cooper,Elected,1972,#MV,#MV,1973
Alice Cooper,Halo Of Flies,1971,#MV,#MV,1973
Alice Cooper,How You Gonna See Me Now,1978,#MV,#MV,1987
Alice Cooper,Poison,1989,#MV,#MV,1996
Alice Cooper,School's Out,1972,#MV,#MV,1973
Alphaville,Big In Japan,1984,#MV,#MV,1999
Amen Corner,Gin House Blues,1967,#MV,#MV,1968
America,A Horse With No Name,1971,#MV,#MV,1973
American Breed,"Bend Me, Shape Me",1968,#MV,#MV,1968
Anastacia,I'm Outta Love,2000,#MV,#MV,2002
Animals,Bring It On Home To Me,1965,#MV,#MV,1968
Animals,The House Of The Rising Sun,1964,#MV,#MV,1968
Anita Meyer,"Why Tell Me, Why",1981,#MV,#MV,1983
Anouk,Girl,2004,#MV,#MV,2015
Anouk,Nobody's Wife,1997,#MV,#MV,1999
Anouk,R U Kiddin' Me,1999,#MV,#MV,2001
Anouk,Sacrifice,1997,#MV,#MV,2000
Aphrodite's Child,I Want To Live,1969,#MV,#MV,1971
Aphrodite's Child,Marie Jolie,1969,#MV,#MV,1975
Aphrodite's Child,Rain And Tears,1968,#MV,#MV,1970
Archies,Sugar Sugar,1969,#MV,#MV,1970
Art Garfunkel,Bright Eyes,1978,#MV,#MV,1980
Babys,Isn't It Time,1977,#MV,#MV,1998
Bachman-Turner Overdrive,You Ain't Seen Nothing Yet,1974,#MV,#MV,1975
Bad English & John Waite,Time Stood Still,1991,#MV,#MV,1996
Barbra Streisand,Woman In Love,1980,#MV,#MV,1981
Barry McGuire,Eve Of Destruction,1965,#MV,#MV,1968
Barry Ryan,Eloise,1968,#MV,#MV,1970
Beach Boys,God Only Knows,1966,#MV,#MV,1968
Beach Boys,Good Vibrations,1966,#MV,#MV,1968
Beach Boys,Sloop John B,1966,#MV,#MV,1968
Beach Boys,Then I Kissed Her,1967,#MV,#MV,1970
Beatles,A Hard Day's Night,1964,#MV,#MV,1971
Beatles,All You Need Is Love,1967,#MV,#MV,1968
Beatles,"Hello, Goodbye",1967,#MV,#MV,1968
Beatles,Help!,1965,#MV,#MV,1970
Beatles,Hey Jude,1968,#MV,#MV,1970
Beatles,I Want To Hold Your Hand,1963,#MV,#MV,1968
Beatles,Let It Be,1970,#MV,#MV,1970
Beatles,Lovely Rita,1967,#MV,#MV,1968
Beatles,Michelle,1966,#MV,#MV,1973
Beatles,"Ob-La-Di, Ob-La-Da",1968,#MV,#MV,1971
Beatles,Penny Lane,1967,#MV,#MV,1968
Beatles,Strawberry Fields Forever,1967,#MV,#MV,1968
Beatles,The Ballad Of John And Yoko,1969,#MV,#MV,1970
Beatles,The Fool On The Hill,1967,#MV,#MV,1968
Beatles,Yellow Submarine,1966,#MV,#MV,1968
Beatles,Yesterday,1965,#MV,#MV,1970
Beatles & Billy Preston,Get Back,1969,#MV,#MV,1970
Bee Gees,I Can't See Nobody,1967,#MV,#MV,1968
Bee Gees,I've Gotta Get A Message To You,1968,#MV,#MV,1970
Bee Gees,Massachusetts,1967,#MV,#MV,1968
Bee Gees,Night Fever,1978,#MV,#MV,1979
Bee Gees,Spicks & Specks,1967,#MV,#MV,1968
Bee Gees,Stayin' Alive,1977,#MV,#MV,1983
Bee Gees,To Love Somebody,1967,#MV,#MV,1968
Bee Gees,Words,1968,#MV,#MV,1968
Bee Gees,World,1967,#MV,#MV,1968
Bill Haley & His Comets,Rock Around The Clock,1954,#MV,#MV,1977
Billy Joel,Goodnight Saigon,1982,#MV,#MV,1986
Billy Joel,Piano Man,1973,#MV,#MV,1991
Billy Joel,Uptown Girl,1983,#MV,#MV,1986
Black Sabbath,Paranoid,1970,#MV,#MV,1971
Blondie,Denis,1978,#MV,#MV,1979
Blue Cheer,Summertime Blues,1968,#MV,#MV,1970
Blue Nile,Tinseltown In The Rain,1984,#MV,#MV,1986
BlÃ¸f,Aan De Kust (Live),1998,#MV,#MV,2000
BlÃ¸f,Harder Dan Ik Hebben Kan,1999,#MV,#MV,2001
Bob Dylan,Blowin' In The Wind,1963,#MV,#MV,1971
Bob Dylan,Hurricane (Part 1),1975,#MV,#MV,1977
Bob Dylan,Lay Lady Lay,1969,#MV,#MV,1970
Bob Marley & The Wailers,"No Woman, No Cry (Live '75)",1975,#MV,#MV,1977
Bobby Goldsboro,Honey,1968,#MV,#MV,1972
Bon Jovi,Always,1994,#MV,#MV,1997
Bon Jovi,Bed Of Roses,1993,#MV,#MV,1997
Bon Jovi,Livin' On A Prayer,1986,#MV,#MV,2015
Bon Jovi,You Give Love A Bad Name,1986,#MV,#MV,1994
Bonnie Tyler,Total Eclipse Of The Heart,1983,#MV,#MV,1991
Booker T. & The M.G.'s,Time Is Tight,1969,#MV,#MV,1970
Boomtown Rats,I Don't Like Mondays,1979,#MV,#MV,1980
Boston,Don't Look Back,1978,#MV,#MV,1981
Boston,More Than A Feeling,1976,#MV,#MV,1977
Boudewijn De Groot,Jimmy,1973,#MV,#MV,1974
Boudewijn De Groot,"Welterusten, Mijnheer De President",1966,#MV,#MV,1974
Box Tops,The Letter,1967,#MV,#MV,1968
Bread,If,1971,#MV,#MV,1972
Bread,The Guitar Man,1972,#MV,#MV,1973
Bruce Hornsby & The Range,The Way It Is,1986,#MV,#MV,1994
Bruce Springsteen,Dancing In The Dark,1984,#MV,#MV,1987
Bruce Springsteen,Streets Of Philadelphia,1993,#MV,#MV,2002
Bruce Springsteen,The River,1981,#MV,#MV,1983
Bryan Adams,(Everything I Do) I Do It For You,1991,#MV,#MV,1993
Bryan Adams,Heaven,1985,#MV,#MV,1992
Bryan Adams,Run To You,1985,#MV,#MV,1990
Bryan Adams,Summer Of '69,1984,#MV,#MV,1990
Buddy Holly,Heartbeat,1958,#MV,#MV,1968
Buddy Holly,Peggy Sue,1957,#MV,#MV,1968
Buffalo Springfield,Expecting To Fly,1967,#MV,#MV,1974
Buoys,Give Up Your Guns,1972,#MV,#MV,1972
Buoys,Timothy,1972,#MV,#MV,1972
Byrds,Chestnut Mare,1970,#MV,#MV,1993
Byrds,Eight Miles High,1966,#MV,#MV,1970
Byrds,Mr. Tambourine Man,1965,#MV,#MV,1970
Carpenters,Superstar,1971,#MV,#MV,1974
Cars,Drive,1984,#MV,#MV,1993
Casuals,Jesamine,1968,#MV,#MV,1970
Cat Stevens,Lady d'Arbanville,1970,#MV,#MV,1971
Cat Stevens,Morning Has Broken,1972,#MV,#MV,1974
Cats,Be My Day,1974,#MV,#MV,1975
Cats,Lea,1968,#MV,#MV,1970
Cats,Marian,1969,#MV,#MV,1971
Cats,Why,1969,#MV,#MV,1970
Cats,Without Your Love,1967,#MV,#MV,1968
Cheap Trick,I Want You To Want Me,1979,#MV,#MV,1980
Chic,Le Freak,1978,#MV,#MV,1986
Chicago,I'm A Man-Part 1,1969,#MV,#MV,1974
Chicago,If You Leave Me Now,1976,#MV,#MV,1977
Chicken Shack,I'd Rather Go Blind,1969,#MV,#MV,1975
Chris De Burgh,The Lady In Red,1986,#MV,#MV,1993
Chris Farlowe,Out Of Time,1966,#MV,#MV,1968
Christie,Yellow River,1970,#MV,#MV,1971
Clannad & Bono,In A Lifetime,1986,#MV,#MV,1994
Clash,The Magnificent Seven,1980,#MV,#MV,1983
Cliff Richard,Power To All Our Friends,1973,#MV,#MV,1974
Cliff Richard & The Shadows,The Young Ones,1961,#MV,#MV,1968
Cockney Rebel,Sebastian,1973,#MV,#MV,1975
Coldplay,Clocks,2002,#MV,#MV,2015
Coldplay,Fix You,2005,#MV,#MV,2015
Coldplay,Speed Of Sound,2005,#MV,#MV,2016
Coldplay,Viva La Vida,2008,#MV,#MV,2015
Commodores,Three Times A Lady,1978,#MV,#MV,1980
Connells,'74-'75,1995,#MV,#MV,1998
Coolio & L.V.,Gangsta's Paradise,1995,#MV,#MV,2001
Corrs,Radio,1999,#MV,#MV,2001
Cranberries,Zombie,1994,#MV,#MV,1996
Crazy World Of Arthur Brown,Fire,1968,#MV,#MV,1970
Cream,Sunshine Of Your Love,1968,#MV,#MV,1968
Cream,White Room,1968,#MV,#MV,1977
Creation,Painter Man,1966,#MV,#MV,1968
Creedence Clearwater Revival,Bad Moon Rising,1968,#MV,#MV,1970
Creedence Clearwater Revival,Hey Tonight,1970,#MV,#MV,1972
Creedence Clearwater Revival,I Heard It Through The Grapevine,1970,#MV,#MV,1971
Creedence Clearwater Revival,I Put A Spell On You,1968,#MV,#MV,1971
Creedence Clearwater Revival,Proud Mary,1968,#MV,#MV,1970
Creedence Clearwater Revival,Suzie Q,1968,#MV,#MV,1970
Creedence Clearwater Revival,Sweet Hitch-Hiker,1971,#MV,#MV,1972
Creedence Clearwater Revival,Travelin' Band,1969,#MV,#MV,1972
Creedence Clearwater Revival,Up Around The Bend,1970,#MV,#MV,1971
Creedence Clearwater Revival,Who'll Stop The Rain,1970,#MV,#MV,1970
Crispian St. Peters,The Pied Piper,1966,#MV,#MV,1968
"Crosby, Stills, Nash & Young",Ohio,1970,#MV,#MV,1971
"Crosby, Stills, Nash & Young",Our House,1970,#MV,#MV,1975
"Crosby, Stills, Nash & Young",Teach Your Children,1970,#MV,#MV,1971
Crowded House,Don't Dream It's Over,1987,#MV,#MV,2016
Cult,She Sells Sanctuary,1985,#MV,#MV,1990
Cure,A Forest,1980,#MV,#MV,1981
Dan Hartman,Relight My Fire,1979,#MV,#MV,1993
Dave Clark Five,Glad All Over,1963,#MV,#MV,1968
Dave Davies,Death Of A Clown,1967,#MV,#MV,1968
David Bowie,Heroes,1977,#MV,#MV,1979
David Bowie,Let's Dance,1983,#MV,#MV,1986
David Bowie,Sound And Vision,1977,#MV,#MV,1979
David Bowie,Space Oddity,1969,#MV,#MV,1974
David Sylvian & Riuichi Sakamoto,Forbidden Colours,1983,#MV,#MV,1991
Deep Blue Something,Breakfast At Tiffany's,1995,#MV,#MV,1999
Deep Purple,Black Night,1970,#MV,#MV,1971
Deep Purple,Child In Time (Album Version),1970,#MV,#MV,1972
Deep Purple,Fireball,1971,#MV,#MV,1972
Deep Purple,Smoke On The Water,1971,#MV,#MV,1977
Del Shannon,Runaway,1961,#MV,#MV,1968
Depeche Mode,Enjoy The Silence,1990,#MV,#MV,1997
Derek & The Dominos,Layla,1971,#MV,#MV,1973
Diana Ross,Theme From Mahogany (Do You Know Where You're Going To),1975,#MV,#MV,1983
Dido,Thank You,1998,#MV,#MV,2002
Dire Straits,Brothers In Arms,1985,#MV,#MV,1989
Dire Straits,Money For Nothing,1985,#MV,#MV,1989
Dire Straits,Private Investigations,1982,#MV,#MV,1986
Dire Straits,Sultans Of Swing (Album Version),1978,#MV,#MV,1980
Doe Maar,Sinds 1 Dag Of 2 (32 Jaar),1981,#MV,#MV,1983
Doe Maar,Smoorverliefd,1981,#MV,#MV,1983
Don Henley,The Boys Of Summer,1984,#MV,#MV,2003
Don McLean,American Pie (Part 1),1971,#MV,#MV,1973
Don McLean,Vincent,1971,#MV,#MV,1973
Donald Fagen,I.G.Y.,1982,#MV,#MV,1994
Donovan,Atlantis,1968,#MV,#MV,1970
Doobie Brothers,Listen To The Music,1972,#MV,#MV,1980
Doobie Brothers,Long Train Runnin',1973,#MV,#MV,1993
Doors,Light My Fire,1966,#MV,#MV,1968
Doors,Riders On The Storm,1971,#MV,#MV,1972
Doors,The Unknown Soldier,1968,#MV,#MV,1968
Dotan,Home,2014,#MV,#MV,2015
Dr. Hook & The Medicine Show,Sylvia's Mother,1972,#MV,#MV,1973
Duran Duran,Ordinary World,1993,#MV,#MV,1999
Duran Duran,The Reflex,1984,#MV,#MV,1986
Eagle-Eye Cherry,Save Tonight,1998,#MV,#MV,2000
Eagles,Hotel California,1976,#MV,#MV,1979
Eagles,One Of These Nights,1975,#MV,#MV,1977
Earth & Fire,Memories,1972,#MV,#MV,1973
Earth & Fire,Seasons,1969,#MV,#MV,1971
Earth & Fire,Storm And Thunder,1971,#MV,#MV,1972
Earth & Fire,Weekend,1979,#MV,#MV,1981
"Earth, Wind & Fire",Fantasy,1978,#MV,#MV,1979
Easybeats,Friday On My Mind,1966,#MV,#MV,1968
Edwin Hawkins Singers,Oh Happy Day,1969,#MV,#MV,1970
Ekseption,Peace Planet,1970,#MV,#MV,1972
Ekseption,The 5th,1969,#MV,#MV,1970
Electric Light Orchestra,Can't Get It Out Of My Head,1975,#MV,#MV,1995
Electric Light Orchestra,Mr. Blue Sky,1978,#MV,#MV,1980
Electric Light Orchestra,Turn To Stone,1977,#MV,#MV,1998
Ellen Foley,We Belong To The Night,1979,#MV,#MV,1980
Elton John,Candle In The Wind,1973,#MV,#MV,1995
Elton John,Nikita,1985,#MV,#MV,1987
Elton John,Sorry Seems To Be The Hardest Word,1976,#MV,#MV,1979
Elton John,Your Song,1970,#MV,#MV,1975
Elvis Presley,In The Ghetto,1969,#MV,#MV,1977
Elvis Presley,Jailhouse Rock,1957,#MV,#MV,1974
Elvis Presley,One Night,1957,#MV,#MV,1968
"Emerson, Lake & Palmer",Lucky Man,1970,#MV,#MV,1972
"Emerson, Lake & Palmer",Peter Gunn (Live),1979,#MV,#MV,1983
Eminem & Dido,Stan,2000,#MV,#MV,2003
Ennio Morricone,Il Ãtait Une Fois Dans l'Ouest,1969,#MV,#MV,1977
Eric Clapton,Layla (Acoustic),1992,#MV,#MV,2015
Eric Clapton,Wonderful Tonight,1978,#MV,#MV,1990
Europe,Superstitious,1988,#MV,#MV,1996
Europe,The Final Countdown,1986,#MV,#MV,1988
Everly Brothers,Temptation,1961,#MV,#MV,1968
Exile,Kiss You All Over,1978,#MV,#MV,1981
Extreme,More Than Words,1991,#MV,#MV,1993
Faith No More,I'm Easy,1992,#MV,#MV,1998
Falco,Jeanny (Part 1),1985,#MV,#MV,1998
Family Dogg,A Way Of Life,1969,#MV,#MV,1970
Fats Domino,Blueberry Hill,1956,#MV,#MV,1968
Fiction Factory,(Feels Like) Heaven,1984,#MV,#MV,1986
Fields,A Friend Of Mine,1973,#MV,#MV,1973
Fine Young Cannibals,She Drives Me Crazy,1989,#MV,#MV,1994
Fischer-Z,So Long,1980,#MV,#MV,1981
Fleetwood Mac,Albatross,1968,#MV,#MV,1970
Fleetwood Mac,Don't Stop,1977,#MV,#MV,1993
Fleetwood Mac,Dreams,1977,#MV,#MV,1995
Fleetwood Mac,Everywhere,1987,#MV,#MV,1994
Fleetwood Mac,Go Your Own Way,1976,#MV,#MV,1979
Fleetwood Mac,Little Lies,1987,#MV,#MV,1998
Fleetwood Mac,Need Your Love So Bad,1968,#MV,#MV,1970
Fleetwood Mac,Oh Well (Part 1),1969,#MV,#MV,1970
Fleetwood Mac,Sara,1979,#MV,#MV,1981
Focus,Hocus Pocus (Album Version),1971,#MV,#MV,1973
Focus,Sylvia,1972,#MV,#MV,1973
Foreigner,Cold As Ice,1977,#MV,#MV,1986
Foreigner,I Want To Know What Love Is,1984,#MV,#MV,1986
Foreigner,That Was Yesterday,1984,#MV,#MV,1988
Foreigner,Waiting For A Girl Like You,1982,#MV,#MV,1986
Fortunes,You've Got Your Troubles,1965,#MV,#MV,1974
Four Seasons,C'mon Marianne,1967,#MV,#MV,1968
Four Tops,What Is A Man,1969,#MV,#MV,1970
Frankie Goes To Hollywood,Relax,1984,#MV,#MV,1987
Frankie Goes To Hollywood,Two Tribes,1984,#MV,#MV,1986
Free,All Right Now,1970,#MV,#MV,1971
Free,Wishing Well,1973,#MV,#MV,1975
Frijid Pink,House Of The Rising Sun,1970,#MV,#MV,1971
Fugees,Fu-Gee-La,1996,#MV,#MV,2001
Gary Puckett & The Union Gap,Young Girl,1968,#MV,#MV,1970
Genesis,Follow You Follow Me,1978,#MV,#MV,1980
Genesis,Land Of Confusion,1986,#MV,#MV,1995
Genesis,Mama,1983,#MV,#MV,1986
George Baker Selection,Little Green Bag,1969,#MV,#MV,2000
George Harrison,Bangla Desh,1971,#MV,#MV,1973
George Harrison,My Sweet Lord,1970,#MV,#MV,1972
George McCrae,Rock Your Baby,1974,#MV,#MV,1975
George Michael,Careless Whisper,1984,#MV,#MV,1986
Gerard Cox,"'t Is Weer Voorbij, Die Mooie Zomer",1973,#MV,#MV,1974
Gerry Rafferty,Baker Street,1978,#MV,#MV,1979
Gilbert O'Sullivan,Nothing Rhymed,1970,#MV,#MV,1972
Glenn Frey,The Heat Is On,1985,#MV,#MV,1999
Goede Doel,BelgiÃ« (Is Er Leven Op Pluto...),1982,#MV,#MV,1987
Golden Earring,Back Home,1970,#MV,#MV,1971
Golden Earring,Going To The Run,1991,#MV,#MV,1994
Golden Earring,Radar Love,1973,#MV,#MV,1974
Golden Earring,Twilight Zone,1982,#MV,#MV,1986
Golden Earring,Weekend Love,1979,#MV,#MV,1980
Golden Earring,When The Lady Smiles,1984,#MV,#MV,1986
Golden Earrings,I've Just Lost Somebody,1968,#MV,#MV,1968
Golden Earrings,Just A Little Bit Of Peace In My Heart,1968,#MV,#MV,1970
Golden Earrings,Sound Of The Screaming Day,1967,#MV,#MV,1968
Goo Goo Dolls,Iris,1998,#MV,#MV,2002
Grapefruit,Deep Water,1969,#MV,#MV,1975
Green Day,Boulevard Of Broken Dreams,2004,#MV,#MV,2016
Guns N' Roses,Knockin' On Heaven's Door,1990,#MV,#MV,2015
Guns N' Roses,November Rain,1991,#MV,#MV,1995
Guns N' Roses,Paradise City,1987,#MV,#MV,1990
Guns N' Roses,Patience,1989,#MV,#MV,1991
Guns N' Roses,Sweet Child O' Mine,1987,#MV,#MV,1990
Heart,All I Wanna Do Is Make Love To You,1990,#MV,#MV,1999
Herd,From The Underworld,1967,#MV,#MV,1968
Herman Brood & His Wild Romance,Saturday Night,1978,#MV,#MV,1979
Herman's Hermits,No Milk Today,1966,#MV,#MV,1970
Hollies,Bus Stop,1966,#MV,#MV,1975
Hollies,Carrie Anne,1967,#MV,#MV,1970
Hollies,King Midas In Reverse,1967,#MV,#MV,1968
Hunters,Russian Spy And I,1966,#MV,#MV,1972
INXS,Need You Tonight,1987,#MV,#MV,1994
INXS,Never Tear Us Apart,1988,#MV,#MV,1990
INXS,Suicide Blonde,1990,#MV,#MV,1995
Iggy Pop,Lust For Life,1977,#MV,#MV,1980
Ike & Tina Turner,Proud Mary,1971,#MV,#MV,1972
Ike & Tina Turner,River Deep-Mountain High,1966,#MV,#MV,1968
Ilse DeLange,I'm Not So Tough,1998,#MV,#MV,2000
Iron Butterfly,In-A-Gadda-Da-Vida,1968,#MV,#MV,1971
J.J. Cale,Cocaine,1976,#MV,#MV,1980
Jacksons,Can You Feel It,1981,#MV,#MV,1996
James Brown,"(Get Up, I Feel Like Being A) Sex Machine (Part 1)",1970,#MV,#MV,2000
Jane Birkin & Serge Gainsbourg,Je T'aime... Moi Non Plus,1969,#MV,#MV,1970
Janis Joplin,Me And Bobby McGee,1971,#MV,#MV,1972
Japan,Nightporter (Album Version),1980,#MV,#MV,1994
Jefferson Airplane,Somebody To Love,1967,#MV,#MV,1968
Jefferson Airplane,White Rabbit,1967,#MV,#MV,1970
Jethro Tull,Locomotive Breath,1971,#MV,#MV,1977
Jewel,Foolish Games,1997,#MV,#MV,2000
Jimi Hendrix Experience,All Along The Watchtower,1968,#MV,#MV,1971
Jimi Hendrix Experience,Hey Joe,1967,#MV,#MV,1968
Jimi Hendrix Experience,Purple Haze,1967,#MV,#MV,1968
Jimi Hendrix Experience,Voodoo Chile,1968,#MV,#MV,1973
Joan Jett & The Blackhearts,I Love Rock'n Roll,1982,#MV,#MV,1993
Joan Osborne,One Of Us,1995,#MV,#MV,1998
Joe Cocker,Unchain My Heart,1987,#MV,#MV,1995
Joe Cocker,With A Little Help From My Friends,1968,#MV,#MV,1971
Joe Cocker,You Are So Beautiful (Live),1990,#MV,#MV,1993
Joe Jackson,Is She Really Going Out With Him (A Capella Version),1988,#MV,#MV,1995
Joe Jackson,Real Men,1982,#MV,#MV,1987
Joe South,Games People Play,1969,#MV,#MV,1971
Johann Strauss,An Der SchÃ¶nen Blauen Donau,1867,#MV,#MV,1968
John Hiatt,Have A Little Faith In Me,1987,#MV,#MV,1994
John Lennon,Woman,1981,#MV,#MV,1995
John Lennon & Plastic Ono Band,Imagine,1971,#MV,#MV,1981
John Miles,Music,1976,#MV,#MV,1977
Jon & Vangelis,I Hear You Now,1979,#MV,#MV,1983
K's Choice,Not An Addict,1995,#MV,#MV,1999
Kane,Can You Handle Me,1999,#MV,#MV,2003
Kane,Damn Those Eyes,1999,#MV,#MV,2002
Kansas,Dust In The Wind,1978,#MV,#MV,1979
Kate Bush,Wuthering Heights,1978,#MV,#MV,1980
Keith West,Excerpt From A Teenage Opera,1967,#MV,#MV,1968
Kensington,Streets,2014,#MV,#MV,2016
Kim Wilde,Cambodia,1981,#MV,#MV,1983
Kim Wilde,Kids In America,1981,#MV,#MV,1983
Kings Of Leon,Sex On Fire,2008,#MV,#MV,2015
Kings Of Leon,Use Somebody,2008,#MV,#MV,2015
Kinks,Lola,1970,#MV,#MV,1975
Kinks,Mr. Pleasant,1967,#MV,#MV,1968
Kinks,Waterloo Sunset,1967,#MV,#MV,1968
Kiss,I Was Made For Lovin' You,1979,#MV,#MV,1980
Klein Orkest,Over De Muur,1984,#MV,#MV,1987
Krezip,I Would Stay,2000,#MV,#MV,2002
Laurie Anderson,O Superman,1981,#MV,#MV,1994
Led Zeppelin,Black Dog,1971,#MV,#MV,1973
Led Zeppelin,Immigrant Song,1970,#MV,#MV,1973
Led Zeppelin,Stairway To Heaven,1971,#MV,#MV,1973
Led Zeppelin,Whole Lotta Love,1969,#MV,#MV,1971
Left Side,Welcome To My House,1969,#MV,#MV,1970
Lenny Kravitz,Always On The Run,1991,#MV,#MV,1995
Lenny Kravitz,Are You Gonna Go My Way,1993,#MV,#MV,2015
Lenny Kravitz,It Ain't Over 'til It's Over,1991,#MV,#MV,2001
Lenny Kravitz,Let Love Rule,1989,#MV,#MV,1993
Level 42,Hot Water,1984,#MV,#MV,1994
Level 42,Lessons In Love,1986,#MV,#MV,1995
Level 42,Love Games,1981,#MV,#MV,1998
Lifehouse,Hanging By A Moment,2001,#MV,#MV,2003
Linkin Park,In The End,2001,#MV,#MV,2003
Lionel Richie,All Night Long (All Night),1983,#MV,#MV,1986
Lionel Richie,Hello,1984,#MV,#MV,1986
Liquido,Narcotic,1997,#MV,#MV,2000
Little River Band,It's A Long Way There,1976,#MV,#MV,1983
Live,I Alone,1994,#MV,#MV,2003
Live,Overcome,2001,#MV,#MV,2003
Live,Run To The Water,1999,#MV,#MV,2001
Living Colour,Love Rears Its Ugly Head,1990,#MV,#MV,1996
Los Bravos,Black Is Black,1966,#MV,#MV,1971
Lou Reed,Vicious Circle,1976,#MV,#MV,1998
Lou Reed,Walk On The Wild Side,1973,#MV,#MV,1977
Love Affair,Rainbow Valley,1968,#MV,#MV,1968
Lovin' Spoonful,Summer In The City,1966,#MV,#MV,1968
Machine,Lonesome Tree,1970,#MV,#MV,1971
Madness,Embarrassment,1981,#MV,#MV,1993
Madness,Night Boat To Cairo,1979,#MV,#MV,1981
Madness,One Step Beyond,1979,#MV,#MV,1981
Madonna,Frozen (Album Version),1998,#MV,#MV,2000
Madonna,Holiday,1984,#MV,#MV,2016
Madonna,Like A Prayer,1989,#MV,#MV,2003
Madonna,Music,2000,#MV,#MV,2002
Mama's & The Papa's,California Dreamin',1965,#MV,#MV,1968
Mama's & The Papa's,Monday Monday,1966,#MV,#MV,1968
Mama's & The Papa's,Safe In My Garden,1968,#MV,#MV,1970
Mama's & The Papa's,Twelve Thirty (Young Girls Are Coming To The Canyon),1967,#MV,#MV,1968
Manfred Mann,Do Wah Diddy Diddy,1964,#MV,#MV,1968
Manfred Mann,Ha! Ha! Said The Clown,1967,#MV,#MV,1968
Manhattans,Kiss And Say Goodbye,1976,#MV,#MV,1981
Marillion,Kayleigh,1985,#MV,#MV,1987
Mark & Clark Band,Worn Down Piano (Part 1),1977,#MV,#MV,1996
Massive Attack,Unfinished Sympathy,1991,#MV,#MV,2002
Meat Loaf,I'd Do Anything For Love (But I Won't Do That),1993,#MV,#MV,1994
Meat Loaf,Paradise By The Dashboard Light (Album Version),1977,#MV,#MV,1980
Melanie,Uptown Down,1969,#MV,#MV,1970
Melanie C & Lisa 'Left Eye' Lopes,Never Be The Same Again,2000,#MV,#MV,2001
Melissa Etheridge,Like The Way I Do,1988,#MV,#MV,1993
Men At Work,Down Under,1982,#MV,#MV,1986
Meredith Brooks,Bitch,1997,#MV,#MV,1999
Metallica,Nothing Else Matters,1992,#MV,#MV,1995
Metallica,One,1988,#MV,#MV,1992
Michael Jackson,Beat It,1982,#MV,#MV,1988
Michael Jackson,Billie Jean,1982,#MV,#MV,2003
Michael Jackson,Thriller,1982,#MV,#MV,1988
Middle Of The Road,Soley Soley,1971,#MV,#MV,1972
Mike Oldfield & Maggie Reilly,Moonlight Shadow,1983,#MV,#MV,1993
Mike Oldfield & Roger Chapman,Shadow On The Wall,1983,#MV,#MV,1995
Moby,Porcelain,1999,#MV,#MV,2003
Monkees,I'm A Believer,1966,#MV,#MV,1968
Moody Blues,Boulevard De La Madeleine,1966,#MV,#MV,1968
Moody Blues,Go Now!,1964,#MV,#MV,1968
Moody Blues,Nights In White Satin,1967,#MV,#MV,1968
Moody Blues,Question,1970,#MV,#MV,1971
Mouth & MacNeal,How Do You Do,1971,#MV,#MV,1974
Move,Blackberry Way,1968,#MV,#MV,1970
Mr. Mister,Broken Wings,1985,#MV,#MV,1993
Mud,Dyna-Mite,1974,#MV,#MV,1975
Mungo Jerry,In The Summertime,1970,#MV,#MV,1971
Murray Head & The Trinidad Singers,Superstar,1969,#MV,#MV,1974
Nancy Sinatra,These Boots Are Made For Walkin',1966,#MV,#MV,1974
Natalie Imbruglia,Torn,1997,#MV,#MV,1999
Nazareth,Love Hurts,1974,#MV,#MV,1977
Neil Diamond,I Am... I Said,1971,#MV,#MV,1975
Neil Diamond,Song Sung Blue,1972,#MV,#MV,1973
Neil Young,Heart Of Gold,1972,#MV,#MV,1973
Nena,99 Luftballons,1983,#MV,#MV,1986
New Order,Blue Monday,1983,#MV,#MV,1994
New Radicals,You Get What You Give,1998,#MV,#MV,2000
Nice,America,1968,#MV,#MV,1970
Nickelback,How You Remind Me,2001,#MV,#MV,2003
Nilsson,Without You,1971,#MV,#MV,1973
Nirvana,Smells Like Teen Spirit,1991,#MV,#MV,1995
Nits,Nescio,1983,#MV,#MV,1994
No Doubt,Don't Speak,1995,#MV,#MV,1998
Normaal,Oerend Hard,1977,#MV,#MV,1980
Norman Greenbaum,Spirit In The Sky,1969,#MV,#MV,1971
Oasis,Don't Look Back In Anger,1995,#MV,#MV,1998
Oasis,Whatever (Album Version),1995,#MV,#MV,1996
Oasis,Wonderwall,1995,#MV,#MV,1997
Oleta Adams,Get Here,1990,#MV,#MV,2001
Orchestral Manoeuvres In The Dark,Enola Gay,1980,#MV,#MV,1983
Orchestral Manoeuvres In The Dark,Maid Of Orleans (The Waltz Joan Of Arc),1982,#MV,#MV,1986
Osmonds,Crazy Horses,1972,#MV,#MV,1974
Outsiders,Lying All The Time,1966,#MV,#MV,1968
Ozzy Osbourne,No More Tears,1992,#MV,#MV,1996
Pat Benatar,Love Is A Battlefield,1984,#MV,#MV,1986
Patti Smith Group,Because The Night,1978,#MV,#MV,1983
Paul Anka,Lonely Boy,1959,#MV,#MV,1968
Paul McCartney & Wings,Band On The Run,1974,#MV,#MV,1975
Pearl Jam,Alive,1992,#MV,#MV,1994
Pearl Jam,Jeremy,1992,#MV,#MV,1996
Percy Sledge,My Special Prayer,1967,#MV,#MV,1970
Peter Frampton,Show Me The Way (Live),1976,#MV,#MV,1977
Peter Gabriel,Sledgehammer,1986,#MV,#MV,1994
Peter Gabriel & Kate Bush,Don't Give Up,1986,#MV,#MV,1988
Peter Maffay,Du,1970,#MV,#MV,1972
Petula Clark,Down Town,1964,#MV,#MV,1968
Pharrell Williams,Happy,2013,#MV,#MV,2015
Phil Collins,Against All Odds (Take A Look At Me Now),1984,#MV,#MV,1988
Phil Collins,In The Air Tonight,1981,#MV,#MV,1983
Pink Floyd,Another Brick In The Wall (Part II),1979,#MV,#MV,1981
Pink Floyd,Money (Album Version),1973,#MV,#MV,1977
Pink Floyd,One Of These Days,1971,#MV,#MV,1973
Pink Floyd,Shine On You Crazy Diamond,1975,#MV,#MV,2015
Pink Floyd,Wish You Were Here,1975,#MV,#MV,2015
Plastic Bertrand,Ãa Plane Pour Moi,1978,#MV,#MV,1979
Plastic Ono Band,Give Peace A Chance,1969,#MV,#MV,1970
Pointer Sisters,Fire,1979,#MV,#MV,1986
Poison,Every Rose Has Its Thorn,1988,#MV,#MV,1998
Police,Can't Stand Losing You,1979,#MV,#MV,1995
Police,Every Breath You Take,1983,#MV,#MV,1987
Police,Every Little Thing She Does Is Magic,1981,#MV,#MV,1983
Police,Message In A Bottle,1979,#MV,#MV,1980
Police,Roxanne,1978,#MV,#MV,1980
Police,So Lonely,1978,#MV,#MV,1980
Poppys,"Non, Non, Rien n'A ChangÃ©",1971,#MV,#MV,1972
Prince,1999,1982,#MV,#MV,1986
Prince & The Revolution,Purple Rain,1984,#MV,#MV,1987
Prince & The Revolution,When Doves Cry,1984,#MV,#MV,1991
Procol Harum,A Salty Dog,1969,#MV,#MV,1971
Procol Harum,A Whiter Shade Of Pale,1967,#MV,#MV,1968
Procol Harum,Homburg,1967,#MV,#MV,1968
Procol Harum & The Edmonton Symphony Orchestra,Conquistador (Live),1972,#MV,#MV,1973
Procol Harum & The Edmonton Symphony Orchestra & Da Camera Singers,A Salty Dog (Live),1972,#MV,#MV,1973
Prodigy,Breathe,1996,#MV,#MV,1998
Puff Daddy & Faith Evans & 112,I'll Be Missing You (Tribute To The Notorious B.I.G.),1997,#MV,#MV,2001
Pussycat,Mississippi,1975,#MV,#MV,1977
Q65,Ann,1966,#MV,#MV,1968
Q65,World Of Birds,1967,#MV,#MV,1968
Queen,Bohemian Rhapsody,1975,#MV,#MV,1977
Queen,I Want To Break Free,1984,#MV,#MV,2015
Queen,Innuendo,1990,#MV,#MV,2015
Queen,Killer Queen,1974,#MV,#MV,1975
Queen,Somebody To Love,1976,#MV,#MV,1977
Queen,Tie Your Mother Down,1977,#MV,#MV,1994
Queen,We Are The Champions,1977,#MV,#MV,1980
Queen,We Will Rock You,1977,#MV,#MV,2016
Queen,Who Wants To Live Forever,1986,#MV,#MV,1997
Queen,You're My Best Friend,1976,#MV,#MV,1993
Queen & David Bowie,Under Pressure,1981,#MV,#MV,1986
R. Kelly,I Believe I Can Fly,1996,#MV,#MV,1998
R.E.M.,Everybody Hurts,1992,#MV,#MV,2015
R.E.M.,Losing My Religion,1991,#MV,#MV,1993
R.E.M.,Man On The Moon,1992,#MV,#MV,1998
REO Speedwagon,Keep On Loving You,1981,#MV,#MV,1986
Racoon,Love You More,2005,#MV,#MV,2015
Radiohead,Creep,1992,#MV,#MV,1998
Rainbow,All Night Long,1980,#MV,#MV,1981
Ram Jam,Black Betty,1978,#MV,#MV,1981
Rare Earth,Get Ready,1970,#MV,#MV,1973
Raymond Froggatt,Callow-La-Vita,1968,#MV,#MV,1970
Raymond Van Het Groenewoud,J'Veux De l'Amour,1980,#MV,#MV,1981
Raymond Van Het Groenewoud & The Millionaires,Vlaanderen Boven,1978,#MV,#MV,1980
Red Hot Chili Peppers,Under The Bridge,1992,#MV,#MV,1995
Ria Valk,"Hou Je Echt Nog Van Mij, Rocking Billy",1960,#MV,#MV,1977
Richard Harris,MacArthur Park,1968,#MV,#MV,1977
Richard Marx,Right Here Waiting,1989,#MV,#MV,1999
Roaring 60's,We Love The Pirates,1966,#MV,#MV,1975
Rob Hoeke Rhythm & Blues Group,Drinking On My Bed,1968,#MV,#MV,1968
Rob Hoeke Rhythm & Blues Group,Margio,1966,#MV,#MV,1968
Robbie Williams,Angels,1997,#MV,#MV,2000
Robbie Williams,Feel,2002,#MV,#MV,2015
Robbie Williams,Let Me Entertain You,1997,#MV,#MV,2003
Robbie Williams,She's The One,1998,#MV,#MV,2001
Robert Palmer,"Bad Case Of Loving You (Doctor, Doctor)",1979,#MV,#MV,1998
Robert Plant,Big Log,1983,#MV,#MV,1986
Robin Gibb,Saved By The Bell,1969,#MV,#MV,1970
Rod Stewart,Handbags And Gladrags,1969,#MV,#MV,1995
Rod Stewart,Maggie May,1971,#MV,#MV,1973
Rod Stewart,Sailing,1975,#MV,#MV,1977
Roger Glover & Guests,Love Is All,1975,#MV,#MV,1977
Rolling Stones,(I Can't Get No) Satisfaction,1965,#MV,#MV,1968
Rolling Stones,Angie,1973,#MV,#MV,1974
Rolling Stones,Brown Sugar,1971,#MV,#MV,1972
Rolling Stones,Come On,1963,#MV,#MV,1968
Rolling Stones,Fool To Cry,1976,#MV,#MV,1979
Rolling Stones,Honky Tonk Women,1969,#MV,#MV,1971
Rolling Stones,Hot Stuff,1976,#MV,#MV,1979
Rolling Stones,Jumpin' Jack Flash,1968,#MV,#MV,1970
Rolling Stones,Let's Spend The Night Together,1967,#MV,#MV,1968
Rolling Stones,Miss You,1978,#MV,#MV,1979
Rolling Stones,"Paint It, Black",1966,#MV,#MV,1968
Rolling Stones,Play With Fire,1965,#MV,#MV,1968
Rolling Stones,Ruby Tuesday,1967,#MV,#MV,1968
Rolling Stones,Sympathy For The Devil,1968,#MV,#MV,1971
Rolling Stones,That's How Strong My Love Is,1965,#MV,#MV,1968
Rolling Stones,Under The Boardwalk,1964,#MV,#MV,1968
Rolling Stones,We Love You,1967,#MV,#MV,1968
Roxette,It Must Have Been Love,1990,#MV,#MV,1999
Roxy Music,Avalon,1982,#MV,#MV,1986
Roxy Music,Love Is The Drug,1975,#MV,#MV,1977
Rubettes,Sugar Baby Love,1974,#MV,#MV,1975
Run DMC & Aerosmith,Walk This Way,1986,#MV,#MV,1998
Sade,Smooth Operator,1984,#MV,#MV,1986
Sam The Sham & The Pharaohs,Wooly Bully,1965,#MV,#MV,1971
Santana,Europa (Earth's Cry Heaven's Smile),1978,#MV,#MV,1997
Santana,Hold On,1982,#MV,#MV,2000
Santana,Jin-Go-Lo-Ba,1968,#MV,#MV,1971
Santana,Samba Pa Ti,1973,#MV,#MV,1974
Santana,She's Not There,1978,#MV,#MV,1979
Scorpions,Hello Josephine,1965,#MV,#MV,1968
Scorpions,Still Loving You,1984,#MV,#MV,1988
Scorpions,Wind Of Change,1991,#MV,#MV,1995
Scott McKenzie,San Francisco (Be Sure To Wear Some Flowers In Your Hair),1967,#MV,#MV,1968
Seal,Crazy,1990,#MV,#MV,1994
Seal,Kiss From A Rose,1994,#MV,#MV,2001
Searchers,Needles And Pins,1964,#MV,#MV,1968
Searchers,Take It Or Leave It,1966,#MV,#MV,1968
Shadows,Apache,1960,#MV,#MV,1968
Shangri-Las,Past Present And Future,1966,#MV,#MV,1971
Shania Twain,You're Still The One,1997,#MV,#MV,2000
Shocking Blue,Long And Lonesome Road,1969,#MV,#MV,1970
Shocking Blue,Never Marry A Railroad Man,1970,#MV,#MV,1971
Shocking Blue,Venus,1969,#MV,#MV,1970
Shoes,Na-Na-Na,1967,#MV,#MV,1968
Shoes,Standing And Staring,1966,#MV,#MV,1968
Simon & Garfunkel,Bridge Over Troubled Water,1969,#MV,#MV,1971
Simon & Garfunkel,Cecilia,1969,#MV,#MV,1971
Simon & Garfunkel,El Condor Pasa,1970,#MV,#MV,1971
Simon & Garfunkel,The Boxer,1969,#MV,#MV,1970
Simon & Garfunkel,The Sounds Of Silence,1964,#MV,#MV,1968
Simple Minds,Alive & Kicking,1985,#MV,#MV,2000
Simple Minds,Belfast Child,1989,#MV,#MV,1990
Simple Minds,Don't You (Forget About Me),1985,#MV,#MV,1987
Simple Minds,Let There Be Love,1991,#MV,#MV,1995
Simple Minds,Promised You A Miracle,1982,#MV,#MV,1986
SinÃ©ad O'Connor,Nothing Compares 2 U,1989,#MV,#MV,1991
SinÃ©ad O'Connor,Troy,1987,#MV,#MV,1989
Skunk Anansie,Hedonism (Just Because You Feel Good),1996,#MV,#MV,1998
Slade,Coz I Luv You,1971,#MV,#MV,1973
Slade,Get Down And Get With It,1971,#MV,#MV,1972
Slade,Look Wot You Dun,1972,#MV,#MV,1973
Sly & The Family Stone,Dance To The Music,1968,#MV,#MV,1970
Small Faces,All Or Nothing,1966,#MV,#MV,1968
Small Faces,Itchycoo Park,1967,#MV,#MV,1968
Small Faces,Lazy Sunday,1967,#MV,#MV,1970
Small Faces,Tin Soldier,1968,#MV,#MV,1970
Smashing Pumpkins,Disarm,1993,#MV,#MV,1996
Smokie,Living Next Door To Alice,1977,#MV,#MV,1986
Smokie,Needles And Pins,1977,#MV,#MV,1979
Sniff 'n' The Tears,Driver's Seat,1978,#MV,#MV,1983
Snow Patrol,Chasing Cars,2006,#MV,#MV,2015
Soft Cell,Tainted Love,1981,#MV,#MV,1983
Sonny & Cher,Little Man,1966,#MV,#MV,1970
Spandau Ballet,Gold,1983,#MV,#MV,1986
Spandau Ballet,Through The Barricades,1986,#MV,#MV,1995
Spandau Ballet,True,1983,#MV,#MV,1986
Sparks,This Town Ain't Big Enough For Both Of Us,1974,#MV,#MV,1975
Spencer Davis Group,Gimme Some Lovin',1966,#MV,#MV,1970
Spencer Davis Group,Keep On Running,1965,#MV,#MV,1968
Spencer Davis Group,Time Seller,1967,#MV,#MV,1968
Spin Doctors,Two Princes,1993,#MV,#MV,2000
Status Quo,Down Down,1975,#MV,#MV,1975
Status Quo,Roll Over Lay Down (Live),1975,#MV,#MV,1977
Steppenwolf,Born To Be Wild,1968,#MV,#MV,1971
Steve Miller Band,Abracadabra,1982,#MV,#MV,1993
Steve Rowland & The Family Dogg,Sympathy,1970,#MV,#MV,1972
Steve Winwood,While You See A Chance,1981,#MV,#MV,1994
Stevie Wonder,Blowin' In The Wind,1966,#MV,#MV,1970
Sting,Fragile,1987,#MV,#MV,2002
Stone Roses,Fools Gold,1989,#MV,#MV,1998
Styx,Babe,1979,#MV,#MV,1993
Super Sister,Radio,1972,#MV,#MV,1973
Supertramp,Dreamer,1974,#MV,#MV,1977
Supertramp,Give A Little Bit,1977,#MV,#MV,1979
Supertramp,School,1974,#MV,#MV,1977
Survivor,Burning Heart,1986,#MV,#MV,1988
Survivor,Eye Of The Tiger,1982,#MV,#MV,1986
Sutherland Brothers & Quiver,Arms Of Mary,1976,#MV,#MV,1979
Sweet,Block Buster!,1973,#MV,#MV,1994
Sweet,Fox On The Run,1975,#MV,#MV,1991
Sweet,Poppa Joe,1972,#MV,#MV,1973
Sweet,The Ballroom Blitz,1973,#MV,#MV,1981
Talk Talk,Life's What You Make It,1985,#MV,#MV,1995
Talk Talk,Such A Shame,1984,#MV,#MV,1988
Talking Heads,Road To Nowhere,1985,#MV,#MV,1994
Talking Heads,Slippery People (Live),1985,#MV,#MV,1995
Tears For Fears,Everybody Wants To Rule The World,1985,#MV,#MV,1999
Tears For Fears,Shout,1984,#MV,#MV,1997
Tee-Set,Ma Belle Amie,1969,#MV,#MV,1971
Temptations,Papa Was A Rollin' Stone,1972,#MV,#MV,1980
Ten Years After,I'm Going Home (Live 1968),1968,#MV,#MV,1971
Ten Years After,Love Like A Man,1970,#MV,#MV,1971
Thelma Houston,Don't Leave Me This Way,1977,#MV,#MV,1979
Them,Baby Please Don't Go,1964,#MV,#MV,1968
Them,Friday's Child,1967,#MV,#MV,1968
Them,Gloria,1964,#MV,#MV,1968
Them,How Long Baby,1965,#MV,#MV,1968
Therapy,Diane,1995,#MV,#MV,1997
Tina Turner,Private Dancer,1984,#MV,#MV,1993
Tom Jones,"Green, Green Grass Of Home",1966,#MV,#MV,1968
Tommy James & The Shondells,Crimson And Clover,1969,#MV,#MV,1970
Toto,99,1979,#MV,#MV,1999
Toto,Africa,1982,#MV,#MV,1986
Toto,Hold The Line,1978,#MV,#MV,1992
Toto,I'll Be Over You,1986,#MV,#MV,2000
Toto,Rosanna,1982,#MV,#MV,1987
Toto,Stop Loving You,1988,#MV,#MV,1990
Traffic,Paper Sun,1967,#MV,#MV,1970
Trammps,Shout,1974,#MV,#MV,1975
Troggs,Wild Thing,1966,#MV,#MV,1970
Twice As Much,True Story,1966,#MV,#MV,1968
U2,Bad,1984,#MV,#MV,1988
U2,Beautiful Day,2000,#MV,#MV,2003
U2,I Will Follow (Live From Hattem),1982,#MV,#MV,1986
U2,New Year's Day,1983,#MV,#MV,1986
U2,One,1992,#MV,#MV,1997
U2,Pride (In The Name Of Love),1984,#MV,#MV,1986
U2,Sunday Bloody Sunday,1983,#MV,#MV,1986
U2,The Unforgettable Fire,1984,#MV,#MV,1987
U2,With Or Without You,1987,#MV,#MV,1989
UB40,Red Red Wine,1983,#MV,#MV,1987
Ultravox,Vienna,1981,#MV,#MV,1983
Uriah Heep,Easy Livin',1973,#MV,#MV,1973
Uriah Heep,Gypsy,1970,#MV,#MV,1974
Uriah Heep,Look At Yourself,1971,#MV,#MV,1979
Uriah Heep,Return To Fantasy,1975,#MV,#MV,1980
Van Dik Hout,Stil In Mij,1994,#MV,#MV,1997
Van Halen,Jump,1983,#MV,#MV,1986
Van Halen,Runnin' With The Devil,1978,#MV,#MV,1980
Vanilla Fudge,You Keep Me Hanging On,1967,#MV,#MV,1968
Verve,Bitter Sweet Symphony,1997,#MV,#MV,1999
Vicky Leandros,Hey Joe McKenzie,1972,#MV,#MV,1974
Waterboys,The Whole Of The Moon,1985,#MV,#MV,1993
White Stripes,7 Nation Army,2002,#MV,#MV,2015
Who,Happy Jack,1966,#MV,#MV,1970
Who,I'm A Boy,1966,#MV,#MV,1970
Who,My Generation,1965,#MV,#MV,1970
Who,Pictures Of Lily,1967,#MV,#MV,1970
Who,"See Me, Feel Me",1970,#MV,#MV,1971
Who,Substitute,1966,#MV,#MV,1972
Who,Won't Get Fooled Again,1971,#MV,#MV,1973
Wings,Mull Of Kintyre,1977,#MV,#MV,1979
Yazoo,Don't Go,1982,#MV,#MV,1986
Yes,Owner Of A Lonely Heart,1983,#MV,#MV,1986
Yes,Roundabout,1971,#MV,#MV,1973
Yes,Yours Is No Disgrace,1971,#MV,#MV,1972
Young Rascals,Groovin',1967,#MV,#MV,1968
ZZ Top,Gimme All Your Lovin',1983,#MV,#MV,1988
ZZ Top,Sharp Dressed Man,1983,#MV,#MV,1998
Zen,Hair,1968,#MV,#MV,1970
